x	y	PANEL	group
-3.48612687082846	8.55605149066474	6	-1
-3.43672076176269	8.55605149066474	6	-1
-3.43672076176269	8.55605149066474	6	-1
-3.42893418405949	8.55605149066474	6	-1
-3.42893418405949	8.55605149066474	6	-1
-3.3814089065886	8.55605149066474	6	-1
-3.3814089065886	8.55605149066474	6	-1
-3.30363919922279	8.55605149066474	6	-1
-3.30363919922279	8.55605149066474	6	-1
-3.27016911925575	8.55605149066474	6	-1
-3.27016911925575	8.55605149066474	6	-1
-3.24419363285249	8.55605149066474	6	-1
-3.24419363285249	8.55605149066474	6	-1
-3.21594902838296	8.55605149066474	6	-1
-3.21594902838296	8.55605149066474	6	-1
-3.18274009551873	8.55605149066474	6	-1
-3.18274009551873	8.55605149066474	6	-1
-3.18262499880932	8.55605149066474	6	-1
-3.18262499880932	8.55605149066474	6	-1
-3.16990647385905	8.55605149066474	6	-1
-3.16990647385905	8.55605149066474	6	-1
-3.1384623465767	8.55605149066474	6	-1
-3.1384623465767	8.55605149066474	6	-1
-3.13174201787775	8.55605149066474	6	-1
-3.13174201787775	8.55605149066474	6	-1
-3.12592228537865	8.55605149066474	6	-1
-3.12592228537865	8.55605149066474	6	-1
-3.12264422971534	8.55605149066474	6	-1
-3.12264422971534	8.55605149066474	6	-1
-3.09841515412417	8.55605149066474	6	-1
-3.09841515412417	8.55605149066474	6	-1
-3.09424602026439	8.55605149066474	6	-1
-3.09424602026439	8.55605149066474	6	-1
-3.04171063413513	8.55605149066474	6	-1
-3.04171063413513	8.55605149066474	6	-1
-3.03576937997873	8.55605149066474	6	-1
-3.03576937997873	8.55605149066474	6	-1
-3.02974050038524	8.55605149066474	6	-1
-3.02974050038524	8.55605149066474	6	-1
-3.00372238565702	8.55605149066474	6	-1
-3.00372238565702	8.55605149066474	6	-1
-2.99573227355399	8.55605149066474	6	-1
-2.99573227355399	8.55605149066474	6	-1
-2.99028301812736	8.55605149066474	6	-1
-2.99028301812736	8.55605149066474	6	-1
-2.96485197732895	8.55605149066474	6	-1
-2.96485197732895	8.55605149066474	6	-1
-2.94857268900495	8.55605149066474	6	-1
-2.94857268900495	8.55605149066474	6	-1
-2.91941295701069	8.55605149066474	6	-1
-2.91941295701069	8.55605149066474	6	-1
-2.9191035006474	8.55605149066474	6	-1
-2.9191035006474	8.55605149066474	6	-1
-2.90634238916253	8.55605149066474	6	-1
-2.90634238916253	8.38442945746295	6	-1
-2.89549119681585	8.38442945746295	6	-1
-2.89549119681585	8.38442945746295	6	-1
-2.89516593803141	8.38442945746295	6	-1
-2.89516593803141	8.38442945746295	6	-1
-2.89145887800713	8.38442945746295	6	-1
-2.89145887800713	8.38442945746295	6	-1
-2.88919475700707	8.38442945746295	6	-1
-2.88919475700707	8.38442945746295	6	-1
-2.88824447946903	8.38442945746295	6	-1
-2.88824447946903	8.09443721082301	6	-1
-2.88240358824699	8.09443721082301	6	-1
-2.88240358824699	8.09443721082301	6	-1
-2.87105622959356	8.09443721082301	6	-1
-2.87105622959356	8.09443721082301	6	-1
-2.85516053365825	8.09443721082301	6	-1
-2.85516053365825	8.09443721082301	6	-1
-2.85340564020663	8.09443721082301	6	-1
-2.85340564020663	8.09443721082301	6	-1
-2.83021783507642	8.09443721082301	6	-1
-2.83021783507642	8.09443721082301	6	-1
-2.82992541899604	8.09443721082301	6	-1
-2.82992541899604	8.09443721082301	6	-1
-2.81767670996589	8.09443721082301	6	-1
-2.81767670996589	8.09443721082301	6	-1
-2.8152202227982	8.09443721082301	6	-1
-2.8152202227982	8.09443721082301	6	-1
-2.80476667022262	8.09443721082301	6	-1
-2.80476667022262	8.09443721082301	6	-1
-2.79132599121493	8.09443721082301	6	-1
-2.79132599121493	8.09443721082301	6	-1
-2.7646205525906	8.09443721082301	6	-1
-2.7646205525906	8.09443721082301	6	-1
-2.74807195665266	8.09443721082301	6	-1
-2.74807195665266	8.09443721082301	6	-1
-2.72948478676497	8.09443721082301	6	-1
-2.72948478676497	8.09443721082301	6	-1
-2.72561799032432	8.09443721082301	6	-1
-2.72561799032432	8.09443721082301	6	-1
-2.69469058235292	8.09443721082301	6	-1
-2.69469058235292	8.09443721082301	6	-1
-2.69017095300739	8.09443721082301	6	-1
-2.69017095300739	8.27575127196035	6	-1
-2.68824757380603	8.27575127196035	6	-1
-2.68824757380603	8.27575127196035	6	-1
-2.67596229442016	8.27575127196035	6	-1
-2.67596229442016	8.27575127196035	6	-1
-2.65456939094638	8.27575127196035	6	-1
-2.65456939094638	8.48725582461594	6	-1
-2.65094629323818	8.48725582461594	6	-1
-2.65094629323818	8.48725582461594	6	-1
-2.64581152538613	8.48725582461594	6	-1
-2.64581152538613	8.27575127196035	6	-1
-2.64501945515756	8.27575127196035	6	-1
-2.64501945515756	8.27575127196035	6	-1
-2.64333690216708	8.27575127196035	6	-1
-2.64333690216708	8.27575127196035	6	-1
-2.64263311318229	8.27575127196035	6	-1
-2.64263311318229	8.27747718944723	6	-1
-2.63663804253975	8.27747718944723	6	-1
-2.63663804253975	8.27747718944723	6	-1
-2.63524409428848	8.27747718944723	6	-1
-2.63524409428848	8.27747718944723	6	-1
-2.61822135229899	8.27747718944723	6	-1
-2.61822135229899	8.27747718944723	6	-1
-2.58834126051555	8.27747718944723	6	-1
-2.58834126051555	8.27747718944723	6	-1
-2.53993671132225	8.27747718944723	6	-1
-2.53993671132225	7.86595053193221	6	-1
-2.53830742651512	7.86595053193221	6	-1
-2.53830742651512	7.86595053193221	6	-1
-2.53592941228068	7.86595053193221	6	-1
-2.53592941228068	7.86595053193221	6	-1
-2.51549074581446	7.86595053193221	6	-1
-2.51549074581446	7.86595053193221	6	-1
-2.51530536894108	7.86595053193221	6	-1
-2.51530536894108	7.86595053193221	6	-1
-2.50371904024115	7.86595053193221	6	-1
-2.50371904024115	7.86595053193221	6	-1
-2.49643619796815	7.86595053193221	6	-1
-2.49643619796815	7.86595053193221	6	-1
-2.49043169843399	7.86595053193221	6	-1
-2.49043169843399	7.08651936020545	6	-1
-2.48939094859507	7.08651936020545	6	-1
-2.48939094859507	6.05230453254216	6	-1
-2.48404366680566	6.05230453254216	6	-1
-2.48404366680566	5.35147931737029	6	-1
-2.46380094717908	5.35147931737029	6	-1
-2.46380094717908	5.35147931737029	6	-1
-2.44877053374683	5.35147931737029	6	-1
-2.44877053374683	5.35147931737029	6	-1
-2.39039855217542	5.35147931737029	6	-1
-2.39039855217542	5.35147931737029	6	-1
-2.38642896902134	5.35147931737029	6	-1
-2.38642896902134	5.35147931737029	6	-1
-2.35597973164172	5.35147931737029	6	-1
-2.35597973164172	5.35147931737029	6	-1
-2.3538783873816	5.35147931737029	6	-1
-2.3538783873816	4.9129548627001	6	-1
-2.35065520565482	4.9129548627001	6	-1
-2.35065520565482	5.11741895113961	6	-1
-2.32612770855071	5.11741895113961	6	-1
-2.32612770855071	5.11741895113961	6	-1
-2.30376743263905	5.11741895113961	6	-1
-2.30376743263905	5.11741895113961	6	-1
-2.28087024466861	5.11741895113961	6	-1
-2.28087024466861	5.11741895113961	6	-1
-2.26795397555811	5.11741895113961	6	-1
-2.26795397555811	5.11741895113961	6	-1
-2.26759732211638	5.11741895113961	6	-1
-2.26759732211638	5.11741895113961	6	-1
-2.25949974992861	5.11741895113961	6	-1
-2.25949974992861	5.11741895113961	6	-1
-2.2485506073225	5.11741895113961	6	-1
-2.2485506073225	5.11741895113961	6	-1
-2.21950669053194	5.11741895113961	6	-1
-2.21950669053194	3.78250434270982	6	-1
-2.19042492267674	3.78250434270982	6	-1
-2.19042492267674	3.78250434270982	6	-1
-2.17290646520565	3.78250434270982	6	-1
-2.17290646520565	3.78250434270982	6	-1
-2.16334658743347	3.78250434270982	6	-1
-2.16334658743347	2.93069163334212	6	-1
-2.13108815504284	2.93069163334212	6	-1
-2.13108815504284	2.93069163334212	6	-1
-2.09390905775741	2.93069163334212	6	-1
-2.09390905775741	2.93069163334212	6	-1
-2.09260469117043	2.93069163334212	6	-1
-2.09260469117043	3.26398546359076	6	-1
-1.9783687469636	3.26398546359076	6	-1
-1.9783687469636	4.45482503026201	6	-1
-1.82015894374975	4.45482503026201	6	-1
-1.82015894374975	5.62806784164493	6	-1
-1.75186590556638	5.62806784164493	6	-1
-1.75186590556638	5.83784647681364	6	-1
-1.64506509007725	5.83784647681364	6	-1
-1.64506509007725	6.93452211783358	6	-1
-1.63193504013739	6.93452211783358	6	-1
-1.63193504013739	6.93452211783358	6	-1
-1.57291313775173	6.93452211783358	6	-1
-1.57291313775173	8.55605149066474	6	-1
-1.55220727897983	8.55605149066474	6	-1
-1.55220727897983	8.55605149066474	6	-1
-0.938370642806295	8.55605149066474	8	-1
-0.938370642806295	8.55605149066474	8	-1
-0.790650228641893	8.55605149066474	8	-1
-0.790650228641893	8.55605149066474	8	-1
-0.346052101976702	8.55605149066474	8	-1
-0.346052101976702	8.55605149066474	8	-1
-0.275493311364597	8.55605149066474	8	-1
-0.275493311364597	8.55605149066474	8	-1
-0.246114974012024	8.55605149066474	8	-1
-0.246114974012024	8.55605149066474	8	-1
-0.239198504173175	8.55605149066474	8	-1
-0.239198504173175	8.55605149066474	8	-1
-0.202856707603065	8.55605149066474	8	-1
-0.202856707603065	8.55605149066474	8	-1
-0.118424451403523	8.55605149066474	8	-1
-0.118424451403523	8.55605149066474	8	-1
-0.0363052504169889	8.55605149066474	8	-1
-0.0363052504169889	8.55605149066474	8	-1
-0.0277309559826879	8.55605149066474	8	-1
-0.0277309559826879	8.55605149066474	8	-1
0.0338481835879733	8.55605149066474	8	-1
0.0338481835879733	8.55605149066474	8	-1
0.0370034966427125	8.55605149066474	8	-1
0.0370034966427125	8.55605149066474	8	-1
0.0667464400673927	8.55605149066474	8	-1
0.0667464400673927	8.55605149066474	8	-1
0.124233391753995	8.55605149066474	8	-1
0.124233391753995	8.55605149066474	8	-1
0.124566772639319	8.55605149066474	8	-1
0.124566772639319	8.55605149066474	8	-1
0.144032409379317	8.55605149066474	8	-1
0.144032409379317	8.55605149066474	8	-1
0.163836181767212	8.55605149066474	8	-1
0.163836181767212	8.55605149066474	8	-1
0.231013299134583	8.55605149066474	8	-1
0.231013299134583	8.55605149066474	8	-1
0.236569717369494	8.55605149066474	8	-1
0.236569717369494	8.55605149066474	8	-1
0.236784446697183	8.55605149066474	8	-1
0.236784446697183	8.55605149066474	8	-1
0.238189974682338	8.55605149066474	8	-1
0.238189974682338	8.55605149066474	8	-1
0.28167690815445	8.55605149066474	8	-1
0.28167690815445	8.55605149066474	8	-1
0.331548364071566	8.55605149066474	8	-1
0.331548364071566	8.55605149066474	8	-1
0.333481559119982	8.55605149066474	8	-1
0.333481559119982	8.55605149066474	8	-1
0.340122832261453	8.55605149066474	8	-1
0.340122832261453	8.55605149066474	8	-1
0.345667493185572	8.55605149066474	8	-1
0.345667493185572	8.55605149066474	8	-1
0.370657237548412	8.55605149066474	8	-1
0.370657237548412	8.55605149066474	8	-1
0.392883301099781	8.55605149066474	8	-1
0.392883301099781	8.55605149066474	8	-1
0.399061172047513	8.55605149066474	8	-1
0.399061172047513	8.55605149066474	8	-1
0.433343973507234	8.55605149066474	8	-1
0.433343973507234	8.55605149066474	8	-1
0.465309922630613	8.55605149066474	8	-1
0.465309922630613	8.55605149066474	8	-1
0.516805295214356	8.55605149066474	8	-1
0.516805295214356	8.55605149066474	8	-1
0.533365167477448	8.55605149066474	8	-1
0.533365167477448	8.55605149066474	8	-1
0.54907960773664	8.55605149066474	8	-1
0.54907960773664	8.55605149066474	8	-1
0.557707022939358	8.55605149066474	8	-1
0.557707022939358	8.55605149066474	8	-1
0.612029629768748	8.55605149066474	8	-1
0.612029629768748	8.55605149066474	8	-1
0.664639751728314	8.55605149066474	8	-1
0.664639751728314	8.55605149066474	8	-1
0.683199374201349	8.55605149066474	8	-1
0.683199374201349	8.55605149066474	8	-1
0.743739771510118	8.55605149066474	8	-1
0.743739771510118	8.55605149066474	8	-1
0.763036069950096	8.55605149066474	8	-1
0.763036069950096	7.62975828320834	8	-1
0.763805296268209	7.62975828320834	8	-1
0.763805296268209	7.62975828320834	8	-1
0.803818507106929	7.62975828320834	8	-1
0.803818507106929	7.62975828320834	8	-1
0.834527353716413	7.62975828320834	8	-1
0.834527353716413	7.62975828320834	8	-1
0.837160293465967	7.62975828320834	8	-1
0.837160293465967	7.62975828320834	8	-1
0.843875899138469	7.62975828320834	8	-1
0.843875899138469	7.62975828320834	8	-1
0.863455074747363	7.62975828320834	8	-1
0.863455074747363	7.62975828320834	8	-1
0.864712404908823	7.62975828320834	8	-1
0.864712404908823	7.62975828320834	8	-1
0.889297273735609	7.62975828320834	8	-1
0.889297273735609	7.62975828320834	8	-1
0.907674830646351	7.62975828320834	8	-1
0.907674830646351	7.62975828320834	8	-1
0.937647290425599	7.62975828320834	8	-1
0.937647290425599	7.62975828320834	8	-1
0.951544661276439	7.62975828320834	8	-1
0.951544661276439	7.62975828320834	8	-1
0.979141832550178	7.62975828320834	8	-1
0.979141832550178	7.62975828320834	8	-1
0.987077862302938	7.62975828320834	8	-1
0.987077862302938	7.62975828320834	8	-1
1.01193242436042	7.62975828320834	8	-1
1.01193242436042	7.62975828320834	8	-1
1.01752281496113	7.62975828320834	8	-1
1.01752281496113	7.62975828320834	8	-1
1.03714589407449	7.62975828320834	8	-1
1.03714589407449	7.62975828320834	8	-1
1.11815197976536	7.62975828320834	8	-1
1.11815197976536	7.62975828320834	8	-1
1.12973785622134	7.62975828320834	8	-1
1.12973785622134	8.4272217488556	8	-1
1.19463193296155	8.4272217488556	8	-1
1.19463193296155	8.4272217488556	8	-1
1.25658541601927	8.4272217488556	8	-1
1.25658541601927	8.4272217488556	8	-1
1.26180003000665	8.4272217488556	8	-1
1.26180003000665	8.21571719620002	8	-1
1.26624530050598	8.21571719620002	8	-1
1.26624530050598	8.21571719620002	8	-1
1.27412096443368	8.21571719620002	8	-1
1.27412096443368	7.18989945513693	8	-1
1.29797448382971	7.18989945513693	8	-1
1.29797448382971	7.50185695969797	8	-1
1.29880259021926	7.50185695969797	8	-1
1.29880259021926	6.79138533998964	8	-1
1.32396130088213	6.79138533998964	8	-1
1.32396130088213	7.15561131569885	8	-1
1.35997235421498	7.15561131569885	8	-1
1.35997235421498	7.15561131569885	8	-1
1.39147701224505	7.15561131569885	8	-1
1.39147701224505	7.27150550986747	8	-1
1.39619408012274	7.27150550986747	8	-1
1.39619408012274	7.27150550986747	8	-1
1.39699280611675	7.27150550986747	8	-1
1.39699280611675	7.27150550986747	8	-1
1.40784346649189	7.27150550986747	8	-1
1.40784346649189	7.27150550986747	8	-1
1.41201650223444	7.27150550986747	8	-1
1.41201650223444	7.27150550986747	8	-1
1.4523345019087	7.27150550986747	8	-1
1.4523345019087	6.27270294385851	8	-1
1.59195624892966	6.27270294385851	8	-1
1.59195624892966	6.27270294385851	8	-1
1.61252438947194	6.27270294385851	8	-1
1.61252438947194	5.98328612363113	8	-1
1.62709119498278	5.98328612363113	8	-1
1.62709119498278	5.98328612363113	8	-1
1.67233798717431	5.98328612363113	8	-1
1.67233798717431	4.93177755591411	8	-1
1.72242281632559	4.93177755591411	8	-1
1.72242281632559	5.33354888526042	8	-1
1.76508513707609	5.33354888526042	8	-1
1.76508513707609	5.33354888526042	8	-1
1.77518269858903	5.33354888526042	8	-1
1.77518269858903	5.33354888526042	8	-1
1.86316425888303	5.33354888526042	8	-1
1.86316425888303	5.51832557077198	8	-1
1.87435491077954	5.51832557077198	8	-1
1.87435491077954	5.10583130190074	8	-1
1.92633362040762	5.10583130190074	8	-1
1.92633362040762	5.12312504195446	8	-1
1.93879731070483	5.12312504195446	8	-1
1.93879731070483	5.12312504195446	8	-1
2.00701637298386	5.12312504195446	8	-1
2.00701637298386	5.45641887220311	8	-1
2.06328040079695	5.45641887220311	8	-1
2.06328040079695	4.15527914274366	8	-1
2.15152923992447	4.15527914274366	8	-1
2.15152923992447	3.68297980910313	8	-1
2.22816170028023	3.68297980910313	8	-1
2.22816170028023	3.13288176109006	8	-1
2.4061579564464	3.13288176109006	8	-1
2.4061579564464	4.40690543082381	8	-1
2.55842171865462	4.40690543082381	8	-1
2.55842171865462	4.40690543082381	8	-1
2.70860762085586	4.40690543082381	8	-1
2.70860762085586	4.30039092305604	8	-1
2.76726127360269	4.30039092305604	8	-1
2.76726127360269	4.65002518384887	8	-1
2.7812877795022	4.65002518384887	8	-1
2.7812877795022	4.45482503026201	8	-1
3.76877759115728	4.45482503026201	8	-1
3.76877759115728	4.45482503026201	8	-1
4.59511985013459	4.45482503026201	7	-1
4.59511985013459	8.55605149066474	7	-1
4.65396035015752	8.55605149066474	7	-1
4.65396035015752	8.55605149066474	7	-1
4.77912349311153	8.55605149066474	7	-1
4.77912349311153	8.55605149066474	7	-1
4.90527477843843	8.55605149066474	7	-1
4.90527477843843	8.38442945746295	7	-1
4.94875989037817	8.38442945746295	7	-1
4.94875989037817	8.38442945746295	7	-1
4.96123844147071	8.38442945746295	8	-1
4.96123844147071	4.45482503026201	8	-1
4.96284463025991	4.45482503026201	7	-1
4.96284463025991	8.38442945746295	7	-1
4.969813299576	8.38442945746295	7	-1
4.969813299576	8.38442945746295	7	-1
5.01063529409626	8.38442945746295	7	-1
5.01063529409626	8.38442945746295	7	-1
5.01727983681492	8.38442945746295	7	-1
5.01727983681492	8.38442945746295	7	-1
5.02388052084628	8.38442945746295	7	-1
5.02388052084628	7.87397994261405	7	-1
5.03043792139244	7.87397994261405	7	-1
5.03043792139244	7.87397994261405	7	-1
5.03695260241363	7.87397994261405	7	-1
5.03695260241363	7.27693476700395	7	-1
5.04342511691925	7.27693476700395	7	-1
5.04342511691925	7.27693476700395	7	-1
5.05624580534831	7.27693476700395	7	-1
5.05624580534831	5.79411048301052	7	-1
5.06259503302697	5.79411048301052	7	-1
5.06259503302697	5.79411048301052	7	-1
5.07517381523383	5.79411048301052	7	-1
5.07517381523383	5.79411048301052	7	-1
5.08140436498446	5.79411048301052	7	-1
5.08140436498446	4.33849583101352	7	-1
5.08759633523238	4.33849583101352	7	-1
5.08759633523238	4.33849583101352	7	-1
5.09375020080676	4.33849583101352	7	-1
5.09375020080676	4.33849583101352	7	-1
5.11799381241676	4.33849583101352	7	-1
5.11799381241676	4.33849583101352	7	-1
5.13579843705026	4.33849583101352	7	-1
5.13579843705026	4.33849583101352	7	-1
5.14166355650266	4.33849583101352	7	-1
5.14166355650266	5.16425480258395	7	-1
5.14749447681345	5.16425480258395	7	-1
5.14749447681345	5.16425480258395	7	-1
5.15329159449778	5.16425480258395	7	-1
5.15329159449778	5.16425480258395	7	-1
5.17048399503815	5.16425480258395	7	-1
5.17048399503815	5.16425480258395	7	-1
5.17614973257383	5.16425480258395	7	-1
5.17614973257383	6.61986945458095	7	-1
5.18178355029209	6.61986945458095	7	-1
5.18178355029209	7.11739009658436	7	-1
5.18738580584076	7.11739009658436	7	-1
5.18738580584076	7.11739009658436	7	-1
5.18784233990595	7.11739009658436	8	-1
5.18784233990595	6.17918077024615	8	-1
5.22035582507832	6.17918077024615	7	-1
5.22035582507832	7.11739009658436	7	-1
5.23644196282995	7.11739009658436	7	-1
5.23644196282995	7.11739009658436	7	-1
5.27811465923052	7.11739009658436	7	-1
5.27811465923052	7.11739009658436	7	-1
5.29579411711347	7.11739009658436	8	-1
5.29579411711347	7.3506976641422	8	-1
5.30030972792171	7.3506976641422	8	-1
5.30030972792171	7.51940992540513	8	-1
5.36597601502185	7.51940992540513	7	-1
5.36597601502185	7.11739009658436	7	-1
5.38449506278909	7.11739009658436	7	-1
5.38449506278909	7.11739009658436	7	-1
5.39362754635236	7.11739009658436	7	-1
5.39362754635236	7.11739009658436	7	-1
5.39816270151775	7.11739009658436	7	-1
5.39816270151775	7.11739009658436	7	-1
5.41164605185504	7.11739009658436	7	-1
5.41164605185504	7.11739009658436	7	-1
5.42053499927229	7.11739009658436	7	-1
5.42053499927229	7.11739009658436	7	-1
5.4553211153577	7.11739009658436	7	-1
5.4553211153577	7.11739009658436	7	-1
5.45958551414416	7.11739009658436	7	-1
5.45958551414416	7.11739009658436	7	-1
5.47227067367148	7.11739009658436	7	-1
5.47227067367148	7.11739009658436	7	-1
5.49423932004511	7.11739009658436	8	-1
5.49423932004511	8.55605149066474	8	-1
5.50533153593236	8.55605149066474	7	-1
5.50533153593236	7.11739009658436	7	-1
5.50938833662798	7.11739009658436	7	-1
5.50938833662798	5.79895662707119	7	-1
5.51342874616498	5.79895662707119	7	-1
5.51342874616498	5.79895662707119	7	-1
5.54517744447956	5.79895662707119	7	-1
5.54517744447956	5.79895662707119	7	-1
5.54907608489522	5.79895662707119	7	-1
5.54907608489522	5.79895662707119	7	-1
5.5683445037611	5.79895662707119	7	-1
5.5683445037611	5.79895662707119	7	-1
5.59098698051086	5.79895662707119	7	-1
5.59098698051086	5.79895662707119	7	-1
5.61677109766657	5.79895662707119	7	-1
5.61677109766657	5.79895662707119	7	-1
5.63121178182137	5.79895662707119	7	-1
5.63121178182137	5.79895662707119	7	-1
5.65599181081985	5.79895662707119	7	-1
5.65599181081985	5.79895662707119	7	-1
5.76832099579377	5.79895662707119	7	-1
5.76832099579377	5.79895662707119	7	-1
5.77144112313002	5.79895662707119	7	-1
5.77144112313002	5.79895662707119	7	-1
5.80814248998044	5.79895662707119	7	-1
5.80814248998044	5.79895662707119	7	-1
5.88332238848828	5.79895662707119	7	-1
5.88332238848828	5.79895662707119	7	-1
5.89715386763674	5.79895662707119	7	-1
5.89715386763674	6.20072795641749	7	-1
5.95842469302978	6.20072795641749	7	-1
5.95842469302978	6.20072795641749	7	-1
5.96614673912369	6.20072795641749	7	-1
5.96614673912369	6.20072795641749	7	-1
5.96870755998537	6.20072795641749	7	-1
5.96870755998537	6.20072795641749	7	-1
6.0137151560428	6.20072795641749	7	-1
6.0137151560428	5.72734274885022	7	-1
6.01859321449623	5.72734274885022	7	-1
6.01859321449623	5.72734274885022	7	-1
6.02344759296103	5.72734274885022	7	-1
6.02344759296103	5.72734274885022	7	-1
6.02586597382531	5.72734274885022	7	-1
6.02586597382531	5.72734274885022	7	-1
6.08221891037645	5.72734274885022	7	-1
6.08221891037645	5.72734274885022	7	-1
6.10031895202006	5.72734274885022	7	-1
6.10031895202006	5.72734274885022	7	-1
6.10702288774226	5.72734274885022	7	-1
6.10702288774226	5.72734274885022	7	-1
6.16120732169508	5.72734274885022	7	-1
6.16120732169508	6.17745485275928	7	-1
6.20657592672493	6.17745485275928	7	-1
6.20657592672493	6.17918077024615	7	-1
6.21660610108487	6.17918077024615	7	-1
6.21660610108487	6.17918077024615	7	-1
6.22653666928747	6.17918077024615	7	-1
6.22653666928747	6.17918077024615	7	-1
6.23048144757848	6.17918077024615	7	-1
6.23048144757848	6.17918077024615	7	-1
6.2803958389602	6.17918077024615	7	-1
6.2803958389602	6.17918077024615	7	-1
6.47543271670409	6.17918077024615	7	-1
6.47543271670409	6.17918077024615	7	-1
6.47850964220857	6.17918077024615	7	-1
6.47850964220857	6.17918077024615	7	-1
6.48004456192665	6.17918077024615	7	-1
6.48004456192665	4.45482503026201	7	-1
8.08825472712243	4.45482503026201	7	-1
8.08825472712243	6.17918077024615	7	-1
8.4497705150988	6.17918077024615	7	-1
8.4497705150988	7.4856350464348	7	-1
8.48838210956212	7.4856350464348	7	-1
8.48838210956212	7.4856350464348	7	-1
10.6183479180671	7.4856350464348	5	-1
10.6183479180671	7.4856350464348	5	-1
10.6192705234224	7.4856350464348	5	-1
10.6192705234224	6.17918077024615	5	-1
10.6221704768819	6.17918077024615	5	-1
10.6221704768819	6.17918077024615	5	-1
10.6279911362604	6.17918077024615	5	-1
10.6279911362604	4.45482503026201	5	-1
12.6882000021316	4.45482503026201	5	-1
12.6882000021316	4.45482503026201	5	-1
12.6922404116686	4.45482503026201	5	-1
12.6922404116686	6.17918077024615	5	-1
12.6962972123643	6.17918077024615	5	-1
12.6962972123643	6.17918077024615	5	-1
12.8531320103534	6.17918077024615	5	-1
12.8531320103534	7.3506976641422	5	-1
12.8546669300714	7.3506976641422	5	-1
12.8546669300714	7.3506976641422	5	-1
12.8577438555759	7.3506976641422	5	-1
12.8577438555759	7.3506976641422	5	-1
12.9330953282244	7.3506976641422	5	-1
12.9330953282244	7.7892221188124	5	-1
13.0175587371817	7.7892221188124	5	-1
13.0175587371817	7.61932600309748	5	-1
13.0231925548999	7.61932600309748	5	-1
13.0231925548999	6.50697413041059	5	-1
13.0340183188111	6.50697413041059	5	-1
13.0340183188111	6.50697413041059	5	-1
13.0518478106603	6.50697413041059	5	-1
13.0518478106603	6.50697413041059	5	-1
13.081348475057	6.50697413041059	5	-1
13.081348475057	6.50697413041059	5	-1
13.0994811674669	6.50697413041059	5	-1
13.0994811674669	6.50697413041059	5	-1
13.103425945758	6.50697413041059	5	-1
13.103425945758	6.50697413041059	5	-1
13.105592086667	6.50697413041059	5	-1
13.105592086667	6.50697413041059	5	-1
13.1133565139606	6.50697413041059	5	-1
13.1133565139606	6.50697413041059	5	-1
13.1241684722399	6.50697413041059	5	-1
13.1241684722399	6.50697413041059	5	-1
13.1263216299505	6.50697413041059	5	-1
13.1263216299505	6.20630325073041	5	-1
13.1329554966457	6.20630325073041	5	-1
13.1329554966457	6.20630325073041	5	-1
13.1355163175074	6.20630325073041	5	-1
13.1355163175074	6.20630325073041	5	-1
13.1367472544468	6.20630325073041	5	-1
13.1367472544468	6.20630325073041	5	-1
13.1430964821254	6.20630325073041	5	-1
13.1430964821254	7.61760008561061	5	-1
13.1432383636013	7.61760008561061	5	-1
13.1432383636013	7.61760008561061	5	-1
13.1687552933503	7.61760008561061	5	-1
13.1687552933503	7.04750855660881	5	-1
13.1754617666275	7.04750855660881	5	-1
13.1754617666275	8.04739699654453	5	-1
13.2183406681428	8.04739699654453	5	-1
13.2183406681428	8.04739699654453	5	-1
13.2229397273032	8.04739699654453	5	-1
13.2229397273032	8.04739699654453	5	-1
13.2296436630254	8.04739699654453	5	-1
13.2296436630254	8.04739699654453	5	-1
13.247743704669	8.04739699654453	5	-1
13.247743704669	8.04739699654453	5	-1
13.258202014802	8.04739699654453	5	-1
13.258202014802	8.04739699654453	5	-1
13.2624664135885	8.04739699654453	5	-1
13.2624664135885	8.04739699654453	5	-1
13.2822978989389	8.04739699654453	5	-1
13.2822978989389	8.04739699654453	5	-1
13.2847162798032	8.04739699654453	5	-1
13.2847162798032	8.04739699654453	5	-1
13.289570658268	8.04739699654453	5	-1
13.289570658268	8.04739699654453	5	-1
13.2941338908663	8.04739699654453	5	-1
13.2941338908663	8.04739699654453	5	-1
13.2972540182025	8.04739699654453	5	-1
13.2972540182025	8.04739699654453	5	-1
13.3040966412201	8.04739699654453	5	-1
13.3040966412201	8.04739699654453	5	-1
13.3162474590026	8.04739699654453	5	-1
13.3162474590026	8.04739699654453	5	-1
13.4328087474087	8.04739699654453	5	-1
13.4328087474087	7.61867202058992	5	-1
13.4982879069688	7.61867202058992	5	-1
13.4982879069688	7.61867202058992	5	-1
13.5558975054401	7.61867202058992	5	-1
13.5558975054401	7.61867202058992	5	-1
13.5597961458557	7.61867202058992	5	-1
13.5597961458557	7.61867202058992	5	-1
13.5602510359766	7.61867202058992	5	-1
13.5602510359766	7.61867202058992	5	-1
13.5757397425478	7.61867202058992	5	-1
13.5757397425478	7.61867202058992	5	-1
13.5957902373429	7.61867202058992	5	-1
13.5957902373429	7.61867202058992	5	-1
13.6301338146136	7.61867202058992	5	-1
13.6301338146136	8.21571719620002	5	-1
13.6363643643642	8.21571719620002	5	-1
13.6363643643642	8.21571719620002	5	-1
13.6516864743672	8.21571719620002	5	-1
13.6516864743672	8.21571719620002	5	-1
13.6745855771844	8.21571719620002	5	-1
13.6745855771844	8.21571719620002	5	-1
13.6764665033657	8.21571719620002	5	-1
13.6764665033657	8.21571719620002	5	-1
13.6765605566722	8.21571719620002	5	-1
13.6765605566722	8.21571719620002	5	-1
13.6811002582056	8.21571719620002	5	-1
13.6811002582056	8.21571719620002	5	-1
13.6830025037952	8.21571719620002	5	-1
13.6830025037952	8.21571719620002	5	-1
13.6846737640266	8.21571719620002	5	-1
13.6846737640266	8.21571719620002	5	-1
13.6909071875205	8.21571719620002	5	-1
13.6909071875205	8.21571719620002	5	-1
13.6989328544267	8.21571719620002	5	-1
13.6989328544267	8.21571719620002	5	-1
13.7034680095921	8.21571719620002	5	-1
13.7034680095921	8.21571719620002	5	-1
13.7126004931554	8.21571719620002	5	-1
13.7126004931554	8.21571719620002	5	-1
13.7166913046762	8.21571719620002	5	-1
13.7166913046762	8.21571719620002	5	-1
13.7388907025429	8.21571719620002	5	-1
13.7388907025429	8.21571719620002	5	-1
13.739333781426	8.21571719620002	5	-1
13.739333781426	8.21571719620002	5	-1
13.7437293308984	8.21571719620002	5	-1
13.7437293308984	8.21571719620002	5	-1
13.7627782892199	8.21571719620002	5	-1
13.7627782892199	8.21571719620002	5	-1
13.7877619749093	8.21571719620002	5	-1
13.7877619749093	8.21571719620002	5	-1
13.808267852036	8.21571719620002	5	-1
13.808267852036	8.4272217488556	5	-1
13.8767397308661	8.4272217488556	5	-1
13.8767397308661	8.4272217488556	5	-1
13.8784908282991	8.4272217488556	5	-1
13.8784908282991	8.4272217488556	5	-1
13.9140507388347	8.4272217488556	5	-1
13.9140507388347	8.4272217488556	5	-1
13.9241645606121	8.4272217488556	5	-1
13.9241645606121	8.4272217488556	5	-1
13.9242130776372	8.4272217488556	5	-1
13.9242130776372	8.05853084866133	5	-1
13.9344191373629	8.05853084866133	5	-1
13.9344191373629	8.05853084866133	5	-1
13.990702818906	8.05853084866133	5	-1
13.990702818906	8.05853084866133	5	-1
14.0224515172206	8.05853084866133	5	-1
14.0224515172206	8.05853084866133	5	-1
14.0289240317262	8.05853084866133	5	-1
14.0289240317262	8.55605149066474	5	-1
14.0485967973249	8.55605149066474	5	-1
14.0485967973249	8.55605149066474	5	-1
14.1030320038799	8.55605149066474	5	-1
14.1030320038799	8.55605149066474	5	-1
14.2200819499547	8.55605149066474	5	-1
14.2200819499547	8.55605149066474	5	-1
14.3950054115176	8.55605149066474	5	-1
14.3950054115176	8.55605149066474	5	-1
